Designator,Footprint,Quantity,Value,LCSC Part #
"H1, H10, H11, H12, H13, H14, H15, H16, H2, H3_3, H3_2, H3, H4, H5_3, H5_2, H5, H6, H7_2, H7, H8_6, H8_5, H8_4, H8_3, H8_2, H8, H9",MountingHole_3.2mm_M3_ISO14580,26,MountingHole,
J1,TerminalBlock_4Ucon_1x20_P3.50mm_Vertical_copy,1,Screw_Terminal_01x20,
"J2, J6",1725042,2,1725042,
J3,PinHeader_1x05_P2.54mm_Vertical,1,Conn_01x05,
J4,TerminalBlock_4Ucon_1x20_P3.50mm_Vertical_test,1,Screw_Terminal_01x20,
"R1, R2, R3, R4, R5, R6, R7, R8",R_0603,8,10k_0603_0.1%,
